{
  "generated_at": "2026-05-09T21:28:29+09:00",
  "report_population_total": 334036,
  "report_respondents_total": 5059,
  "tables_checked": [
    "T1",
    "T2",
    "T3",
    "T4",
    "T5",
    "T6",
    "T7"
  ],
  "max_abs_diff_per_table": {
    "T1": 0.0034997865585966667,
    "T2": 0.0,
    "T3": 0.020631268724153717,
    "T4": 0.08602887265542969,
    "T5": 0.08595507468675004,
    "T6": 0.08618892065727746,
    "T7": 0.09044972523402955
  },
  "max_rel_diff_pct_per_table": {
    "T1": 7.986036954656002,
    "T2": 0.0,
    "T3": 75.39115801489983,
    "T4": 159.02530435124694,
    "T5": 157.24236723270081,
    "T6": 156.5769174127385,
    "T7": 156.1468369017509
  }
}